{
    "accuracy": 0.9910767951697208,
    "precision": 0.7902797311987229,
    "recall": 0.7172539797895687,
    "f1": 0.748103030050695,
    "confusion_matrix": [
        [
            381940,
            3161,
            0,
            224,
            0
        ],
        [
            1567,
            328473,
            1,
            11,
            0
        ],
        [
            0,
            8,
            65,
            22,
            0
        ],
        [
            1521,
            16,
            0,
            16680,
            0
        ],
        [
            4,
            1,
            0,
            11,
            0
        ]
    ],
    "classification_report": "                precision    recall  f1-score   support\n\n          DDoS       0.99      0.99      0.99    385325\n           DoS       0.99      1.00      0.99    330052\n        Normal       0.98      0.68      0.81        95\nReconnaissance       0.98      0.92      0.95     18217\n         Theft       0.00      0.00      0.00        16\n\n      accuracy                           0.99    733705\n     macro avg       0.79      0.72      0.75    733705\n  weighted avg       0.99      0.99      0.99    733705\n"
}