{
    "accuracy": 0.9999618375232553,
    "precision": 0.9876043715822957,
    "recall": 0.9620477741655259,
    "f1": 0.973882276257308,
    "confusion_matrix": [
        [
            385320,
            5,
            0,
            0,
            0
        ],
        [
            0,
            330052,
            0,
            0,
            0
        ],
        [
            0,
            0,
            77,
            18,
            0
        ],
        [
            0,
            0,
            5,
            18212,
            0
        ],
        [
            0,
            0,
            0,
            0,
            16
        ]
    ],
    "classification_report": "                precision    recall  f1-score   support\n\n          DDoS       1.00      1.00      1.00    385325\n           DoS       1.00      1.00      1.00    330052\n        Normal       0.94      0.81      0.87        95\nReconnaissance       1.00      1.00      1.00     18217\n         Theft       1.00      1.00      1.00        16\n\n      accuracy                           1.00    733705\n     macro avg       0.99      0.96      0.97    733705\n  weighted avg       1.00      1.00      1.00    733705\n"
}