{
    "accuracy": 0.9603069353486755,
    "precision": 0.6343489333430722,
    "recall": 0.7164979306650666,
    "f1": 0.6427391578049889,
    "confusion_matrix": [
        [
            363163,
            22158,
            0,
            4,
            0
        ],
        [
            3636,
            326412,
            0,
            4,
            0
        ],
        [
            0,
            11,
            79,
            5,
            0
        ],
        [
            254,
            2805,
            230,
            14928,
            0
        ],
        [
            0,
            7,
            1,
            8,
            0
        ]
    ],
    "classification_report": "                precision    recall  f1-score   support\n\n          DDoS       0.99      0.94      0.97    385325\n           DoS       0.93      0.99      0.96    330052\n        Normal       0.25      0.83      0.39        95\nReconnaissance       1.00      0.82      0.90     18217\n         Theft       0.00      0.00      0.00        16\n\n      accuracy                           0.96    733705\n     macro avg       0.63      0.72      0.64    733705\n  weighted avg       0.96      0.96      0.96    733705\n"
}