{
    "accuracy": 0.9659263600493386,
    "precision": 0.7555702773995653,
    "recall": 0.6722921358240411,
    "f1": 0.6997760070354696,
    "confusion_matrix": [
        [
            363557,
            21732,
            0,
            36,
            0
        ],
        [
            3082,
            326968,
            1,
            1,
            0
        ],
        [
            0,
            8,
            41,
            46,
            0
        ],
        [
            12,
            58,
            6,
            18139,
            2
        ],
        [
            0,
            1,
            0,
            15,
            0
        ]
    ],
    "classification_report": "                precision    recall  f1-score   support\n\n          DDoS       0.99      0.94      0.97    385325\n           DoS       0.94      0.99      0.96    330052\n        Normal       0.85      0.43      0.57        95\nReconnaissance       0.99      1.00      1.00     18217\n         Theft       0.00      0.00      0.00        16\n\n      accuracy                           0.97    733705\n     macro avg       0.76      0.67      0.70    733705\n  weighted avg       0.97      0.97      0.97    733705\n"
}