{
    "accuracy": 0.8507342869409368,
    "precision": 0.721920290170378,
    "recall": 0.5154314980713586,
    "f1": 0.5369723395905758,
    "confusion_matrix": [
        [
            366708,
            18560,
            0,
            57,
            0
        ],
        [
            73286,
            256727,
            0,
            39,
            0
        ],
        [
            5,
            13,
            77,
            0,
            0
        ],
        [
            17533,
            8,
            0,
            676,
            0
        ],
        [
            5,
            11,
            0,
            0,
            0
        ]
    ],
    "classification_report": "                precision    recall  f1-score   support\n\n          DDoS       0.80      0.95      0.87    385325\n           DoS       0.93      0.78      0.85    330052\n        Normal       1.00      0.81      0.90        95\nReconnaissance       0.88      0.04      0.07     18217\n         Theft       0.00      0.00      0.00        16\n\n      accuracy                           0.85    733705\n     macro avg       0.72      0.52      0.54    733705\n  weighted avg       0.86      0.85      0.84    733705\n"
}