{
    "accuracy": 0.8379798420346052,
    "precision": 0.7330889866704644,
    "recall": 0.4157678428769633,
    "f1": 0.44948374085160064,
    "confusion_matrix": [
        [
            309442,
            75881,
            0,
            2,
            0
        ],
        [
            25365,
            304687,
            0,
            0,
            0
        ],
        [
            22,
            36,
            30,
            7,
            0
        ],
        [
            17523,
            19,
            0,
            671,
            4
        ],
        [
            0,
            16,
            0,
            0,
            0
        ]
    ],
    "classification_report": "                precision    recall  f1-score   support\n\n          DDoS       0.88      0.80      0.84    385325\n           DoS       0.80      0.92      0.86    330052\n        Normal       1.00      0.32      0.48        95\nReconnaissance       0.99      0.04      0.07     18217\n         Theft       0.00      0.00      0.00        16\n\n      accuracy                           0.84    733705\n     macro avg       0.73      0.42      0.45    733705\n  weighted avg       0.85      0.84      0.83    733705\n"
}