{
    "accuracy": 0.8719757940861791,
    "precision": 0.681073461812965,
    "recall": 0.5310067569924188,
    "f1": 0.5367844538638235,
    "confusion_matrix": [
        [
            380694,
            4527,
            0,
            104,
            0
        ],
        [
            72992,
            257012,
            0,
            48,
            0
        ],
        [
            7,
            10,
            74,
            4,
            0
        ],
        [
            16173,
            17,
            34,
            1993,
            0
        ],
        [
            13,
            3,
            0,
            0,
            0
        ]
    ],
    "classification_report": "                precision    recall  f1-score   support\n\n          DDoS       0.81      0.99      0.89    385325\n           DoS       0.98      0.78      0.87    330052\n        Normal       0.69      0.78      0.73        95\nReconnaissance       0.93      0.11      0.20     18217\n         Theft       0.00      0.00      0.00        16\n\n      accuracy                           0.87    733705\n     macro avg       0.68      0.53      0.54    733705\n  weighted avg       0.89      0.87      0.86    733705\n"
}