{
    "accuracy": 0.9999127714817263,
    "precision": 0.9974564826030576,
    "recall": 0.9746993921884478,
    "f1": 0.9853748325861413,
    "confusion_matrix": [
        [
            385274,
            51,
            0,
            0,
            0
        ],
        [
            0,
            330052,
            0,
            0,
            0
        ],
        [
            0,
            0,
            83,
            12,
            0
        ],
        [
            0,
            0,
            1,
            18216,
            0
        ],
        [
            0,
            0,
            0,
            0,
            16
        ]
    ],
    "classification_report": "                precision    recall  f1-score   support\n\n          DDoS       1.00      1.00      1.00    385325\n           DoS       1.00      1.00      1.00    330052\n        Normal       0.99      0.87      0.93        95\nReconnaissance       1.00      1.00      1.00     18217\n         Theft       1.00      1.00      1.00        16\n\n      accuracy                           1.00    733705\n     macro avg       1.00      0.97      0.99    733705\n  weighted avg       1.00      1.00      1.00    733705\n"
}