{
    "accuracy": 0.9971868802856734,
    "precision": 0.9983669012649073,
    "recall": 0.82643222194442,
    "f1": 0.8668128803515941,
    "confusion_matrix": [
        [
            383915,
            1397,
            0,
            13,
            0
        ],
        [
            487,
            329555,
            0,
            10,
            0
        ],
        [
            0,
            1,
            85,
            9,
            0
        ],
        [
            134,
            1,
            0,
            18082,
            0
        ],
        [
            0,
            2,
            0,
            10,
            4
        ]
    ],
    "classification_report": "                precision    recall  f1-score   support\n\n          DDoS       1.00      1.00      1.00    385325\n           DoS       1.00      1.00      1.00    330052\n        Normal       1.00      0.89      0.94        95\nReconnaissance       1.00      0.99      1.00     18217\n         Theft       1.00      0.25      0.40        16\n\n      accuracy                           1.00    733705\n     macro avg       1.00      0.83      0.87    733705\n  weighted avg       1.00      1.00      1.00    733705\n"
}