{
    "accuracy": 0.8755617039545867,
    "precision": 0.7497659723412925,
    "recall": 0.4522065797261973,
    "f1": 0.4961993128498497,
    "confusion_matrix": [
        [
            347060,
            38261,
            0,
            4,
            0
        ],
        [
            36213,
            293839,
            0,
            0,
            0
        ],
        [
            47,
            10,
            37,
            1,
            0
        ],
        [
            16744,
            5,
            0,
            1468,
            0
        ],
        [
            10,
            6,
            0,
            0,
            0
        ]
    ],
    "classification_report": "                precision    recall  f1-score   support\n\n          DDoS       0.87      0.90      0.88    385325\n           DoS       0.88      0.89      0.89    330052\n        Normal       1.00      0.39      0.56        95\nReconnaissance       1.00      0.08      0.15     18217\n         Theft       0.00      0.00      0.00        16\n\n      accuracy                           0.88    733705\n     macro avg       0.75      0.45      0.50    733705\n  weighted avg       0.88      0.88      0.87    733705\n"
}