{
    "accuracy": 0.9999672893056474,
    "precision": 0.971086123178347,
    "recall": 0.9872021825839271,
    "f1": 0.9787774794295776,
    "confusion_matrix": [
        [
            385322,
            3,
            0,
            0,
            0
        ],
        [
            0,
            330052,
            0,
            0,
            0
        ],
        [
            0,
            0,
            89,
            6,
            0
        ],
        [
            0,
            0,
            15,
            18202,
            0
        ],
        [
            0,
            0,
            0,
            0,
            16
        ]
    ],
    "classification_report": "                precision    recall  f1-score   support\n\n          DDoS       1.00      1.00      1.00    385325\n           DoS       1.00      1.00      1.00    330052\n        Normal       0.86      0.94      0.89        95\nReconnaissance       1.00      1.00      1.00     18217\n         Theft       1.00      1.00      1.00        16\n\n      accuracy                           1.00    733705\n     macro avg       0.97      0.99      0.98    733705\n  weighted avg       1.00      1.00      1.00    733705\n"
}