{
    "accuracy": 0.9999713781424414,
    "precision": 0.9997697115911833,
    "recall": 0.9557894736842105,
    "f1": 0.9750327184605483,
    "confusion_matrix": [
        [
            385325,
            0,
            0,
            0,
            0
        ],
        [
            0,
            330052,
            0,
            0,
            0
        ],
        [
            0,
            0,
            74,
            21,
            0
        ],
        [
            0,
            0,
            0,
            18217,
            0
        ],
        [
            0,
            0,
            0,
            0,
            16
        ]
    ],
    "classification_report": "                precision    recall  f1-score   support\n\n          DDoS       1.00      1.00      1.00    385325\n           DoS       1.00      1.00      1.00    330052\n        Normal       1.00      0.78      0.88        95\nReconnaissance       1.00      1.00      1.00     18217\n         Theft       1.00      1.00      1.00        16\n\n      accuracy                           1.00    733705\n     macro avg       1.00      0.96      0.98    733705\n  weighted avg       1.00      1.00      1.00    733705\n"
}