{
    "accuracy": 0.9998964161345499,
    "precision": 0.925135954664062,
    "recall": 0.9028389048446204,
    "f1": 0.9128827238399992,
    "confusion_matrix": [
        [
            385325,
            0,
            0,
            0,
            0
        ],
        [
            1,
            330051,
            0,
            0,
            0
        ],
        [
            0,
            0,
            49,
            46,
            0
        ],
        [
            0,
            0,
            29,
            18188,
            0
        ],
        [
            0,
            0,
            0,
            0,
            16
        ]
    ],
    "classification_report": "                precision    recall  f1-score   support\n\n          DDoS       1.00      1.00      1.00    385325\n           DoS       1.00      1.00      1.00    330052\n        Normal       0.63      0.52      0.57        95\nReconnaissance       1.00      1.00      1.00     18217\n         Theft       1.00      1.00      1.00        16\n\n      accuracy                           1.00    733705\n     macro avg       0.93      0.90      0.91    733705\n  weighted avg       1.00      1.00      1.00    733705\n"
}