{
    "accuracy": 0.5139395261038155,
    "precision": 0.38685025674808754,
    "recall": 0.39093280417265025,
    "f1": 0.26341493193018434,
    "confusion_matrix": [
        [
            360417,
            0,
            0,
            24908,
            0
        ],
        [
            315647,
            2,
            0,
            14403,
            0
        ],
        [
            8,
            1,
            10,
            76,
            0
        ],
        [
            1532,
            16,
            0,
            16651,
            18
        ],
        [
            8,
            0,
            0,
            8,
            0
        ]
    ],
    "classification_report": "                precision    recall  f1-score   support\n\n          DDoS       0.53      0.94      0.68    385325\n           DoS       0.11      0.00      0.00    330052\n        Normal       1.00      0.11      0.19        95\nReconnaissance       0.30      0.91      0.45     18217\n         Theft       0.00      0.00      0.00        16\n\n      accuracy                           0.51    733705\n     macro avg       0.39      0.39      0.26    733705\n  weighted avg       0.33      0.51      0.37    733705\n"
}